{"geonames":[{"countryName":"United States","adminCode1":"CA","fclName":"spot, building, farm","elevation":0,"countryCode":"US","lng":-122.030189037323,"adminName2":"","adminName3":"","fcodeName":"building(s)","distance":"0","adminName4":"","timezone":{"dstOffset":-7,"gmtOffset":-8,"timeZoneId":"America/Los_Angeles"},"toponymName":"Apple Computer Headquarters","fcl":"S","continentCode":"NA","name":"Apple Computer Headquarters","fcode":"BLDG","geonameId":6301897,"lat":37.33164146137428,"adminName1":"California","population":0}]}