{"geonames":[{"countryName":"South Africa","fclName":"spot, building, farm","elevation":0,"countryCode":"ZA","lng":18.420661,"adminName2":"","adminName3":"","fcodeName":"hotel","distance":"0.06131","adminName4":"","timezone":{"dstOffset":2,"gmtOffset":2,"timeZoneId":"Africa/Johannesburg"},"toponymName":"Holiday Inn Cape Town Waterfront","fcl":"S","continentCode":"AF","name":"Holiday Inn Cape Town Waterfront","fcode":"HTL","geonameId":6469275,"lat":-33.919944,"population":0,"adminName1":""},{"countryName":"South Africa","fclName":"spot, building, farm","elevation":0,"countryCode":"ZA","lng":18.419,"adminName2":"","adminName3":"","fcodeName":"hotel","distance":"0.09491","adminName4":"","timezone":{"dstOffset":2,"gmtOffset":2,"timeZoneId":"Africa/Johannesburg"},"toponymName":"Extreme Hotel Cape Town","fcl":"S","continentCode":"AF","name":"Extreme Hotel Cape Town","fcode":"HTL","geonameId":6492022,"lat":-33.9202,"population":0,"adminName1":""},{"countryName":"South Africa","fclName":"spot, building, farm","elevation":0,"countryCode":"ZA","lng":18.4195,"adminName2":"","adminName3":"","fcodeName":"hotel","distance":"0.15173","adminName4":"","timezone":{"dstOffset":2,"gmtOffset":2,"timeZoneId":"Africa/Johannesburg"},"toponymName":"Metropole Hotel","fcl":"S","continentCode":"AF","name":"Metropole Hotel","fcode":"HTL","geonameId":6500402,"lat":-33.9213,"population":0,"adminName1":""},{"countryName":"South Africa","fclName":"spot, building, farm","elevation":0,"countryCode":"ZA","lng":18.422,"adminName2":"","adminName3":"","fcodeName":"hotel","distance":"0.2805","adminName4":"","timezone":{"dstOffset":2,"gmtOffset":2,"timeZoneId":"Africa/Johannesburg"},"toponymName":"St Georges Hotel","fcl":"S","continentCode":"AF","name":"St Georges Hotel","fcode":"HTL","geonameId":6501054,"lat":-33.9219,"population":0,"adminName1":""},{"countryName":"South Africa","fclName":"spot, building, farm","elevation":0,"countryCode":"ZA","lng":18.4163,"adminName2":"","adminName3":"","fcodeName":"hotel","distance":"0.34211","adminName4":"","timezone":{"dstOffset":2,"gmtOffset":2,"timeZoneId":"Africa/Johannesburg"},"toponymName":"Tudor Hotel","fcl":"S","continentCode":"AF","name":"Tudor Hotel","fcode":"HTL","geonameId":6500970,"lat":-33.9202,"population":0,"adminName1":""}]}