{"totalResultsCount":33,"geonames":[{"adminCode3":"00HY007","alternateNames":[{"name":"ستونهنج","lang":"ar"},{"name":"Стоунхендж","lang":"ba"},{"name":"Стоўнхендж","lang":"be"},{"name":"Стоунхендж","lang":"bg"},{"name":"স্টোনহেঞ্জ","lang":"bn"},{"name":"Stonehenge","lang":"bs"},{"name":"Stonehenge","lang":"ca"},{"name":"Stonehenge","lang":"cs"},{"name":"Côr y Cewri","lang":"cy"},{"name":"Stonehenge","lang":"da"},{"name":"Stonehenge","lang":"de"},{"name":"ސްޓޯންހެންޖް","lang":"dv"},{"name":"Στόουνχεντζ","lang":"el"},{"name":"Stonehenge","lang":"en"},{"name":"Stonehenge","lang":"eo"},{"name":"Stonehenge","lang":"es"},{"name":"Stonehenge","lang":"et"},{"name":"استون‌هنج","lang":"fa"},{"name":"Stonehenge","lang":"fi"},{"name":"Stonehenge","lang":"fo"},{"name":"Stonehenge","lang":"fr"},{"name":"Stonehenge","lang":"gl"},{"name":"סטונהנג'","lang":"he"},{"name":"Stonehenge","lang":"hr"},{"name":"Stonehenge","lang":"hu"},{"name":"Սթոունհենջ","lang":"hy"},{"name":"Stonehenge","lang":"id"},{"name":"Stonehenge","lang":"is"},{"name":"Stonehenge","lang":"it"},{"name":"ストーンヘンジ","lang":"ja"},{"name":"სტოუნჰენჯი","lang":"ka"},{"name":"스톤헨지","lang":"ko"},{"name":"http://en.wikipedia.org/wiki/Stonehenge","lang":"link"},{"name":"Stounhendžas","lang":"lt"},{"name":"Stounhendža","lang":"lv"},{"name":"Стоунхенџ","lang":"mk"},{"name":"Стоунхенж","lang":"mn"},{"name":"Stonehenge","lang":"ms"},{"name":"စတုန်းဟင်းချ်","lang":"my"},{"name":"Stonehenge","lang":"nl"},{"name":"Stonehenge","lang":"no"},{"name":"Stonehenge","lang":"nrm"},{"name":"Stonehenge","lang":"pl"},{"name":"Stonehenge","lang":"pt"},{"name":"Stonehenge","lang":"ro"},{"name":"Стоунхендж","lang":"ru"},{"name":"Stonehenge","lang":"sh"},{"name":"Stonehenge","lang":"sk"},{"name":"Stonehenge","lang":"sl"},{"name":"Stonehenge","lang":"sq"},{"name":"Стоунхенџ","lang":"sr"},{"name":"Stonehenge","lang":"sv"},{"name":"ஸ்டோன் ஹெஞ்ச்","lang":"ta"},{"name":"สโตนเฮนจ์","lang":"th"},{"name":"Stonehenge","lang":"tr"},{"name":"Стоунхендж","lang":"uk"},{"name":"سٹون ہینج","lang":"ur"},{"name":"Stonehenge","lang":"vi"},{"name":"巨石阵","lang":"zh"}],"adminCode2":"P8","countryName":"United Kingdom","adminCode1":"ENG","fclName":"spot, building, farm","score":93.07562255859375,"countryCode":"GB","lng":-1.8262195587158203,"adminName2":"Wiltshire","adminName3":"Amesbury","fcodeName":"ancient site","adminName4":"","timezone":{"dstOffset":1,"gmtOffset":0,"timeZoneId":"Europe/London"},"toponymName":"Stonehenge","fcl":"S","continentCode":"EU","name":"Stonehenge","fcode":"ANS","geonameId":2636812,"lat":51.178885626450004,"adminName1":"England","population":0},{"countryName":"Canada","adminCode1":"08","fclName":"stream, lake, ...","score":79.65570068359375,"countryCode":"CA","lng":-80.383038732,"adminName2":"","adminName3":"","fcodeName":"lake","adminName4":"","timezone":{"dstOffset":-4,"gmtOffset":-5,"timeZoneId":"America/Toronto"},"toponymName":"Stonehenge Lake","fcl":"H","continentCode":"NA","name":"Stonehenge Lake","fcode":"LK","geonameId":6157266,"lat":47.316859738,"adminName1":"Ontario","population":0},{"countryName":"Canada","adminCode1":"11","fclName":"country, state, region,...","score":68.27632141113281,"countryCode":"CA","lng":-106.167873185,"adminName2":"","adminName3":"","fcodeName":"administrative division","adminName4":"","timezone":{"dstOffset":-6,"gmtOffset":-6,"timeZoneId":"America/Regina"},"toponymName":"Stonehenge No. 73","fcl":"A","continentCode":"NA","name":"Stonehenge No. 73","fcode":"ADMD","geonameId":6157267,"lat":49.583355763,"adminName1":"Saskatchewan","population":0},{"countryName":"Australia","adminCode1":"06","fclName":"city, village,...","score":40.80405044555664,"countryCode":"AU","lng":147.6333333,"adminName2":"","adminName3":"","fcodeName":"populated place","adminName4":"","timezone":{"dstOffset":10,"gmtOffset":11,"timeZoneId":"Australia/Hobart"},"toponymName":"Stonehenge","fcl":"P","continentCode":"OC","name":"Stonehenge","fcode":"PPL","geonameId":2148265,"lat":-42.4,"adminName1":"Tasmania","population":0},{"countryName":"Australia","adminCode1":"04","fclName":"city, village,...","score":40.80405044555664,"countryCode":"AU","lng":143.2833333,"adminName2":"","adminName3":"","fcodeName":"populated place","adminName4":"","timezone":{"dstOffset":10,"gmtOffset":10,"timeZoneId":"Australia/Brisbane"},"toponymName":"Stonehenge","fcl":"P","continentCode":"OC","name":"Stonehenge","fcode":"PPL","geonameId":2148267,"lat":-24.3666667,"adminName1":"Queensland","population":0}]}