{"geonames":[{"summary":"Apple Inc. (; ; previously Apple Computer, Inc.) is an American multinational corporation that designs and markets consumer electronics, computer software, and personal computers. The company's best-known hardware products include the Macintosh line of computers, the iPod, the iPhone and the iPad (...)","distance":"0.057","rank":98,"title":"Apple Inc.","wikipediaUrl":"en.wikipedia.org/wiki/Apple_Inc.","elevation":69,"countryCode":"US","lng":-122.03083333333333,"lang":"en","lat":37.33166666666667},{"summary":"The Apple Campus is the headquarters of Apple Inc., a consumer electronics and personal computer corporation, located in Cupertino, California. The facility is referred to as a campus because its design resembles the campus of a university, with the buildings arranged around green spaces (...)","distance":"0.0898","rank":77,"title":"Apple Campus","wikipediaUrl":"en.wikipedia.org/wiki/Apple_Campus","elevation":69,"lng":-122.03118,"lang":"en","lat":37.33182},{"summary":"Saint Joseph of Cupertino Parish is a territorial parish serving Latin Rite Catholics in Cupertino, California, United States. The parish is named for Joseph of Cupertino, and had its origin in a small wooden chapel at the Villa Maria retreat located in Stevens Creek Canyon (Stevens Creek was known (...)","distance":"0.8423","rank":70,"title":"Saint Joseph of Cupertino Parish","wikipediaUrl":"en.wikipedia.org/wiki/Saint_Joseph_of_Cupertino_Parish","elevation":72,"countryCode":"US","lng":-122.032001,"feature":"landmark","lang":"en","lat":37.324204},{"summary":"The American Cryonics Society (ACS), also known as the Cryonics Society of America, is a member-run, California-based, 501(c)(3) tax-exempt nonprofit organization that supports and promotes research and education into cryonics and cryobiology (...)","distance":"1.4485","rank":90,"title":"American Cryonics Society","wikipediaUrl":"en.wikipedia.org/wiki/American_Cryonics_Society","elevation":71,"lng":-122.03017777777778,"feature":"landmark","lang":"en","lat":37.31861388888889},{"summary":"Vallco Shopping Mall (formerly called Cupertino Square and Vallco Fashion Park) is a three-level shopping mall located in Cupertino, California, USA. It is anchored by J.C. Penney, Macy's, and Sears.  (...)","distance":"1.5192","rank":83,"title":"Vallco Shopping Mall","wikipediaUrl":"en.wikipedia.org/wiki/Vallco_Shopping_Mall","elevation":59,"lng":-122.014398,"lang":"en","lat":37.326255},{"summary":"Homestead High School is a four-year high school serving north western Cupertino, western Sunnyvale, and portions of southern Los Altos, in Santa Clara County, California. Established in 1962, the school serves 2,270 students in grades 9 to 12 as part of the Fremont Union High School District (...)","distance":"1.7028","rank":96,"title":"Homestead High School (Cupertino, California)","wikipediaUrl":"en.wikipedia.org/wiki/Homestead_High_School_%28Cupertino%2C_California%29","elevation":74,"countryCode":"US","lng":-122.04861111111111,"feature":"edu","lang":"en","lat":37.336111111111116},{"summary":"The Mary Avenue Bridge is a cable-stayed bridge over Interstate 280 (California) in Cupertino, California carrying bicycle and pedestrian traffic. North of I-280, Mary Avenue ends as a parking lot and drop-off area for Homestead High School (...)","distance":"1.8111","rank":33,"title":"Mary Avenue Bridge","wikipediaUrl":"en.wikipedia.org/wiki/Mary_Avenue_Bridge","elevation":82,"countryCode":"US","lng":-122.05055555555555,"feature":"landmark","lang":"en","lat":37.33338888888889},{"summary":"Cupertino is a suburban city in Santa Clara County, California, U.S., directly west of San Jose on the western edge of the Santa Clara Valley with portions extending into the foothills of the Santa Cruz Mountains. The population was 58,302 at the time of the 2010 census.census (...)","distance":"1.8858","rank":100,"title":"Cupertino, California","wikipediaUrl":"en.wikipedia.org/wiki/Cupertino%2C_California","elevation":86,"countryCode":"US","lng":-122.041949,"feature":"city","thumbnailImg":"http://www.geonames.org/img/wikipedia/8000/thumb-7667-100.jpg","lang":"en","lat":37.317492},{"summary":"De Anza College is a 112-acre (453,000 m²) community college located in Cupertino, California. It was founded in 1967 on the site of the Beaulieu Winery and is named after the Spanish explorer Juan Bautista de Anza (...)","distance":"1.9245","rank":94,"title":"De Anza College","wikipediaUrl":"en.wikipedia.org/wiki/De_Anza_College","elevation":90,"countryCode":"US","lng":-122.045278,"feature":"edu","lang":"en","lat":37.319167},{"summary":"Cupertino High School, colloquially referred to as \"Tino\", is a four-year comprehensive public high school located near the Rancho Rinconada and Fairgrove neighborhoods of Cupertino, California, USA. It is part of the Fremont Union High School District (...)","distance":"2.1786","rank":86,"title":"Cupertino High School","wikipediaUrl":"en.wikipedia.org/wiki/Cupertino_High_School","elevation":57,"countryCode":"US","lng":-122.0095,"feature":"edu","lang":"en","lat":37.321},{"summary":"Fremont High School is a comprehensive, co-educational, public secondary school in Sunnyvale, California, United States. Fremont is currently the only open public high school located in the city of Sunnyvale and is part of the Fremont Union High School District (FUHSD).  (...)","distance":"2.4039","rank":89,"title":"Fremont High School (Sunnyvale, California)","wikipediaUrl":"en.wikipedia.org/wiki/Fremont_High_School_%28Sunnyvale%2C_California%29","elevation":50,"countryCode":"US","lng":-122.0335,"feature":"edu","lang":"en","lat":37.3531},{"summary":"Monta Vista is an upper-income residential neighborhood in western Cupertino, California. \"Monta Vista\" does not mean anything in any language but is very similar to \"Monte Vista,\" which means \"mountain view\" in Spanish. However, it is not affiliated with the nearby city of Mountain View (...)","distance":"2.6529","rank":59,"title":"Monta Vista, Cupertino, California","wikipediaUrl":"en.wikipedia.org/wiki/Monta_Vista%2C_Cupertino%2C_California","elevation":100,"lng":-122.0580165,"lang":"en","lat":37.3227199},{"summary":"John F. Kennedy Middle School is a middle school located in Cupertino, California which educates grades six through eight, and feeds nearby Monta Vista High School. Its principal is Nicole Johnston and the school mascot is the cougar (...)","distance":"2.9838","rank":91,"title":"Kennedy Middle School (Cupertino, California)","wikipediaUrl":"en.wikipedia.org/wiki/Kennedy_Middle_School_%28Cupertino%2C_California%29","elevation":104,"countryCode":"US","lng":-122.0516,"feature":"edu","lang":"en","lat":37.3109},{"summary":"Monta Vista High School is a four-year comprehensive public high school located in the Silicon Valley city of Cupertino, California, USA. Part of the Fremont Union High School District, the school serves most of the suburban residential and industrial technology enriched area of western Cupertino (...)","distance":"3.0212","rank":94,"title":"Monta Vista High School","wikipediaUrl":"en.wikipedia.org/wiki/Monta_Vista_High_School","elevation":110,"countryCode":"US","lng":-122.0567,"feature":"edu","lang":"en","lat":37.3145},{"summary":"Accolade was an American video game developer and publisher of the 1980s and 1990s. Headquartered in San Jose, California,\".\" Accolade. February 21, 1997. Retrieved on July 8, 2010. it was founded in 1984 by game industry veterans Alan Miller and Bob Whitehead (...)","distance":"3.1118","rank":88,"title":"Accolade (game company)","wikipediaUrl":"en.wikipedia.org/wiki/Accolade_%28game_company%29","elevation":46,"countryCode":"US","lng":-121.996983,"feature":"landmark","lang":"en","lat":37.322368},{"summary":"Rancho Rinconada is a residential neighborhood in the eastern part of Cupertino, California. It is bordered by Saratoga Creek (just west of Lawrence Expressway), Stevens Creek Boulevard, Miller Road, and Bollinger Road (...)","distance":"3.1618","rank":88,"title":"Rancho Rinconada, Cupertino, California","wikipediaUrl":"en.wikipedia.org/wiki/Rancho_Rinconada%2C_Cupertino%2C_California","elevation":56,"countryCode":"US","lng":-122,"feature":"city","lang":"en","lat":37.3164},{"summary":"Simla Junction is a historic location in Los Altos, California, near the area of present-day Homestead Road and Foothill Expressway. It does not appear on current maps. The name was used for a rail junction on the Peninsular Railroad which ran interurban cars along the San Francisco Bay Area's (...)","distance":"3.3163","rank":42,"title":"Simla Junction, California","wikipediaUrl":"en.wikipedia.org/wiki/Simla_Junction%2C_California","elevation":83,"lng":-122.06722222222221,"lang":"en","lat":37.33638888888889},{"summary":"McClellan Ranch Park is a public park located in the Monta Vista neighborhood of Cupertino that still retains its rural ranch look. It used to be a horse ranch owed by the McClellan family in the 1930s, and still preserves the original ranch house, a working milk barn and livestock barn, and two (...)","distance":"3.5538","rank":47,"title":"McClellan Ranch Park","wikipediaUrl":"en.wikipedia.org/wiki/McClellan_Ranch_Park","elevation":98,"lng":-122.06361111111111,"lang":"en","lat":37.31388888888888},{"summary":"Joaquin Miller Middle School, commonly referred to as Miller Middle School, is a co-educational, public middle school which teaches grades 6-8 in the West San Jose area of San Jose, California, USA near Cupertino. Miller Middle School is part of the Cupertino Union School District (...)","distance":"3.6674","rank":90,"title":"Miller Middle School","wikipediaUrl":"en.wikipedia.org/wiki/Miller_Middle_School","elevation":70,"countryCode":"US","lng":-122.012,"feature":"edu","lang":"en","lat":37.302},{"summary":"Silicon Valley is a term which refers to the southern part of the San Francisco Bay Area in Northern California in the United States. The region is home to many of the world's largest technology corporations. from SiliconValley (...)","distance":"4.3523","rank":100,"title":"Silicon Valley","wikipediaUrl":"en.wikipedia.org/wiki/Silicon_Valley","elevation":37,"countryCode":"US","lng":-122.04,"lang":"en","lat":37.37}]}